CSFH_with_AGN,CSFH_with_AGN_q16,CSFH_with_AGN_q84,CSFH_without_AGN,CSFH_without_AGN_q16,CSFH_without_AGN_q84,z,z16,z84,zmin,zmax
-1.52166935893462,0.0517662922931833,0.0583988543657561,-1.41408933596503,0.0524114019002516,0.056757395499206,5.269,4.55728,5.80248,3.796,6.272
-2.07846882116407,0.127665046349456,0.217452246058909,-1.9054534515988,0.133120572190798,0.171365057892408,7.487,7.0332,8.75724,6.542,8.998
-3.85683771224533,0.325786335146411,1.6787826405073,-2.86175585804284,0.397345131131569,7.89604163747701,10.57,9.962,11.5754,9.77,12.117
