CSFH_with_AGN,CSFH_with_AGN_q16,CSFH_with_AGN_q84,CSFH_without_AGN,CSFH_without_AGN_q16,CSFH_without_AGN_q84,z,z16,z84,zmin,zmax
-1.56203656570023,0.0429102704345245,0.0462614536721799,-1.40922906548084,0.0522862866459467,0.0588957236057938,5.269,4.55728,5.80248,3.796,6.272
-2.13780043970596,0.0684760423430089,0.0819795314350881,-1.90377392054293,0.115763734209117,0.191463172957721,7.487,7.0332,8.75724,6.542,8.998
-3.75627423550998,0.321315028789154,1.76459203822465,-2.96492784631561,0.399350498039934,6.88408782435429,10.57,9.962,11.5754,9.77,12.117
