CSFH_with_AGN,CSFH_with_AGN_q16,CSFH_with_AGN_q84,CSFH_without_AGN,CSFH_without_AGN_q16,CSFH_without_AGN_q84,z,z16,z84,zmin,zmax
-1.51076549005078,0.196256363975853,0.432843041056065,-1.41545973823386,0.192752246525108,0.400780656600789,5.269,0.711720000000001,0.53348,3.796,6.272
-2.69428794898272,0.181121424135345,0.481111420233764,-2.5910978468447,0.195066979849867,0.565293849943208,7.487,0.4538,1.27024,6.542,8.998
-4.17109622571572,0.344804873173349,9.29012570219472,-3.80010129881882,0.392254140909293,68.0676139092303,10.57,0.608000000000001,1.0054,9.77,12.117
