CSFH_with_AGN,CSFH_with_AGN_q16,CSFH_with_AGN_q84,CSFH_without_AGN,CSFH_without_AGN_q16,CSFH_without_AGN_q84,z,z16,z84,zmin,zmax
-1.5267998589166,0.0497698879320257,0.0646090879492655,-1.41499690532172,0.05002290268839,0.0561413209677682,5.269,4.55728,5.80248,3.796,6.272
-2.08439990921168,0.124272753422789,0.20319622716951,-1.90860060033435,0.126414034143487,0.188166226787601,7.487,7.0332,8.75724,6.542,8.998
-3.84691568969074,0.312996941439097,1.79853634141957,-2.92255053464387,0.39794318217881,6.81902779590866,10.57,9.962,11.5754,9.77,12.117
