z,z16,z84,zmin,zmax
5.269,4.55728,5.80248,3.796,6.272
7.487,7.0332,8.75724,6.542,8.998
10.57,9.962,11.5754,9.77,12.117
