z,z16,z84,zmin,zmax
5.269,0.711720000000001,0.53348,3.796,6.272
7.487,0.4538,1.27024,6.542,8.998
10.57,0.608000000000001,1.0054,9.77,12.117
