z,csfh,hi,lo
9,-2.7946914308176,0.18,0.16
12,-3.4146914308176,0.29,0.27
16,-3.7746914308176,0.33,2.83
